{"time":15.727871,"uniqueness":0.27142857142857141,"ent_ratio":0.95852197451479781}