{"time":55.388061,"uniqueness":0.21428571428571427,"ent_ratio":0.924591153599805}