{"time":78.809313,"uniqueness":0.37619047619047619,"ent_ratio":0.98273437571795486}