{"time":0.091642,"uniqueness":0.018094534711964549,"ent_ratio":0.98170780296300508}