{"time":54.903108,"uniqueness":0.0049236829148202859,"ent_ratio":0.92362276918337194}