{"time":7.012828,"uniqueness":0.012186115214180207,"ent_ratio":0.75009453828375394}