{"time":107.653306,"uniqueness":0.0030773018217626785,"ent_ratio":0.8710961290073147}