{"time":1.277094,"uniqueness":0.022648941408173313,"ent_ratio":0.98332257891564312}