{"time":5.146075,"uniqueness":0.0022156573116691287,"ent_ratio":0.86930681175888291}