{"time":12.83679,"uniqueness":0.001846381093057607,"ent_ratio":0.69535397421876677}