{"time":36.883548,"uniqueness":0.007385524372230428,"ent_ratio":0.93096647690425438}