{"time":17.515603,"uniqueness":0.30952380952380953,"ent_ratio":0.949949126317206}