{"time":17.669828,"uniqueness":0.32380952380952382,"ent_ratio":0.94449287579767016}