{"time":77.641643,"uniqueness":0.10476190476190476,"ent_ratio":0.75183272394841072}