{"time":0.468639,"uniqueness":0.2,"ent_ratio":0.81678592393339011}