{"time":0.036965,"uniqueness":0.32857142857142857,"ent_ratio":0.95100689115988846}