{"time":51.385836,"uniqueness":0.22380952380952382,"ent_ratio":0.835007322708756}