{"time":2.655022,"uniqueness":0.34761904761904761,"ent_ratio":0.93210590607975807}