{"time":11.351842,"uniqueness":0.021418020679468242,"ent_ratio":0.97793619219600081}