{"time":8.610334,"uniqueness":0.0049236829148202859,"ent_ratio":0.93350938707896436}