{"time":0.566827,"uniqueness":0.0050467749876907924,"ent_ratio":0.91737027870372512}