{"time":179.8213,"uniqueness":0.0016001969473165929,"ent_ratio":0.27263327332238418}