{"time":0.010936,"uniqueness":0.090476190476190474,"ent_ratio":0.682028143699116}