{"time":3.422851,"uniqueness":0.23809523809523808,"ent_ratio":0.80177201184207347}