{"time":1256.612091,"uniqueness":0.0038158542589857214,"ent_ratio":0.903575549511619}