{"time":0.76135,"uniqueness":0.53333333333333333,"ent_ratio":0.98453888454562211}