{"time":1.027611,"uniqueness":0.15714285714285714,"ent_ratio":0.7495023022350612}