{"time":180.316969,"uniqueness":0.2,"ent_ratio":0.80913070614108551}