{"time":2.444076,"uniqueness":0.35714285714285715,"ent_ratio":0.97424946566395387}