{"time":1.849508,"uniqueness":0.46666666666666667,"ent_ratio":0.98575853116025625}