{"time":2.14147,"uniqueness":0.47142857142857142,"ent_ratio":0.97988720138173735}