{"time":2.235202,"uniqueness":0.44285714285714284,"ent_ratio":0.98123370520330588}