{"time":2.117708,"uniqueness":0.46666666666666667,"ent_ratio":0.98575853116025625}