{"time":0.001157,"uniqueness":0.22380952380952382,"ent_ratio":0.85075082275153668}