{"time":0.502887,"uniqueness":0.4238095238095238,"ent_ratio":0.970053905497678}