{"time":8545.625348,"uniqueness":0.0016001969473165929,"ent_ratio":0.48181272072213444}