{"time":2953.56478,"uniqueness":0.45420974889217136,"ent_ratio":1}