{"time":44.234533,"uniqueness":0.00098473658296405718,"ent_ratio":0.5199202783564616}