{"time":356.50694,"uniqueness":0.16666666666666666,"ent_ratio":0.87944730691319961}