{"time":141.191499,"uniqueness":0.0023387493845396356,"ent_ratio":0.83980177687833812}