{"time":12.674938,"uniqueness":0.25714285714285712,"ent_ratio":0.89420599806883672}