{"time":0.691663,"uniqueness":0.0020925652387986213,"ent_ratio":0.85262268509855388}