{"time":3.868682,"uniqueness":0.3,"ent_ratio":0.77425157630295061}