{"time":1.14769,"uniqueness":0.001846381093057607,"ent_ratio":0.7183694792608839}